in, out
Affix,<div><div><div class=""></div></div></div>
Alert,<div><div><div class=""></div></div></div>
Anchor,<div><div><div class=""></div></div></div>
AutoComplete,<div><div><div class=""></div></div></div>
Avatar,<div><div><div class=""></div></div></div>
FloatButton,<div><div><div class=""></div></div></div>
BackTop,<div><div><div class=""></div></div></div>
Badge,<div><div><div class=""></div></div></div>
Breadcrumb,<div><div><div class=""></div></div></div>
Button,<div><div><div class=""></div></div></div>
Calendar,<div><div><div class=""></div></div></div>
Card,<div><div><div class=""></div></div></div>
Carousel,<div><div><div class=""></div></div></div>
Cascader,<div><div><div class=""></div></div></div>
Checkbox,<div><div><div class=""></div></div></div>
Col,<div><div><div class=""></div></div></div>
Collapse,<div><div><div class=""></div></div></div>
ConfigProvider,<div><div><div class=""></div></div></div>
DatePicker,<div><div><div class=""></div></div></div>
Descriptions,<div><div><div class=""></div></div></div>
Divider,<div><div><div class=""></div></div></div>
Drawer,<div><div><div class=""></div></div></div>
Dropdown,<div><div><div class=""></div></div></div>
Empty,<div><div><div class=""></div></div></div>
Form,<div><div><div class=""></div></div></div>
Grid,<div><div><div class=""></div></div></div>
Image,<div><div><div class=""></div></div></div>
Input,<div><div><div class=""></div></div></div>
InputNumber,<div><div><div class=""></div></div></div>
Layout,<div><div><div class=""></div></div></div>
List,<div><div><div class=""></div></div></div>
Mentions,<div><div><div class=""></div></div></div>
Menu,<div><div><div class=""></div></div></div>
message,<div><div><div class=""></div></div></div>
Modal,<div><div><div class=""></div></div></div>
notification,<div><div><div class=""></div></div></div>
Pagination,<div><div><div class=""></div></div></div>
Popconfirm,<div><div><div class=""></div></div></div>
Popover,<div><div><div class=""></div></div></div>
Progress,<div><div><div class=""></div></div></div>
Radio,<div><div><div class=""></div></div></div>
Rate,<div><div><div class=""></div></div></div>
Result,<div><div><div class=""></div></div></div>
Row,<div><div><div class=""></div></div></div>
Segmented,<div><div><div class=""></div></div></div>
Select,<div><div><div class=""></div></div></div>
Skeleton,<div><div><div class=""></div></div></div>
Slider,<div><div><div class=""></div></div></div>
Space,<div><div><div class=""></div></div></div>
Spin,<div><div><div class=""></div></div></div>
Statistic,<div><div><div class=""></div></div></div>
Steps,<div><div><div class=""></div></div></div>
Switch,<div><div><div class=""></div></div></div>
Table,<div><div><div class=""></div></div></div>
Tabs,<div><div><div class=""></div></div></div>
Tag,<div><div><div class=""></div></div></div>
theme,<div><div><div class=""></div></div></div>
TimePicker,<div><div><div class=""></div></div></div>
Timeline,<div><div><div class=""></div></div></div>
Tooltip,<div><div><div class=""></div></div></div>
Tour,<div><div><div class=""></div></div></div>
App,<div><div><div class=""></div></div></div>
Transfer,<div><div><div class=""></div></div></div>
Tree,<div><div><div class=""></div></div></div>
TreeSelect,<div><div><div class=""></div></div></div>
Typography,<div><div><div class=""></div></div></div>
Upload,<div><div><div class=""></div></div></div>
Watermark,<div><div><div class=""></div></div></div>
QRCode,<div><div><div class=""></div></div></div>
version,<div><div><div class=""></div></div></div>
